id,cdr3_aa,clone_count,v_call,v_call.light,KD(nM),kon,koff,size_kDa,Epitope
Ab001,CSRYAGPGMYTNQYW,10000,IGHV3-23,IGKV1-39,0.08287,146300,1.21E-05,149.47,1
Ab002,CSRWSEPGFYTNDYW,9884,IGHV3-23,IGKV1-39,0.137,105600,1.45E-05,148.8,1
Ab003,CSRYGPGGLYTNDYW,9825,IGHV3-23,IGKV1-39,0.3345,137900,4.61E-05,156.19,2
Ab004,CSRWMETGFYTHDYW,9713,IGHV3-23,IGKV1-39,0.3808,266800,0.0001016,153.99,2
Ab005,CSRYGGPGLYEHDYW,9528,IGHV3-23,IGKV1-39,0.3885,240200,9.33E-05,147.58,2
Ab006,CSRWKGDGFYEHDYW,9347,IGHV3-23,IGKV1-39,0.4026,250600,0.0001009,167.03,2
Ab007,CSRWAEAGMYEFDYW,9176,IGHV3-23,IGKV1-39,0.4907,189100,9.28E-05,164.15,2
Ab008,CSRWPGPGMYTNDYW,9074,IGHV3-23,IGKV1-39,0.508,251400,0.0001277,149.75,2
Ab009,CSRYSMPGMYTNAYW,8953,IGHV3-23,IGKV1-39,0.5379,179000,9.63E-05,148.61,2
Ab010,CSRWPGPGMYANDYW,8822,IGHV3-23,IGKV1-39,0.6379,149300,9.53E-05,156.19,2
Ab011,CSRWGNPGMYANDYW,8625,IGHV3-23,IGKV1-39,0.7109,263200,0.0001871,153.99,2
Ab012,CSRWGGDGFYAMDYW,8410,IGHV3-23,IGKV1-39,0.7373,200800,0.0001481,147.58,2
Ab013,CSRYRGDGFYEHDYW,8199,IGHV3-23,IGKV1-39,0.7724,95870,7.41E-05,167.03,2
Ab014,CSRWRGDGFYEHDYW,7987,IGHV3-23,IGKV1-39,0.7743,116000,8.98E-05,164.15,2
Ab015,CSRWRHDGFYENDYW,7737,IGHV3-23,IGKV1-39,0.9031,169300,0.0001529,148.25,2
Ab016,CSRWQRGGFYVNDYW,7657,IGHV3-23,IGKV1-39,0.9386,256200,0.0002405,166.2,2
Ab017,CSRYGPGGMYANDYW,7520,IGHV3-23,IGKV1-39,0.9631,293500,0.0002827,149.15,2
Ab018,CSRWGIHSFYEHDYW,7389,IGHV3-23,IGKV1-39,1.011,183200,0.0001852,150.9,3
Ab019,CSRWPMCGMYTHDYW,7226,IGHV3-23,IGKV1-39,1.067,90100,9.62E-05,155.87,3
Ab020,CSRWREPGFYEHDYW,7073,IGHV3-23,IGKV1-39,1.111,240600,0.0002673,156.74,3
Ab021,CSRWGNGGMYANDYW,6857,IGHV3-23,IGKV1-39,1.148,271800,0.0003119,156.19,3
Ab022,CSRWRDRGFYEYDYW,6623,IGHV3-23,IGKV1-39,1.239,323400,0.0004008,153.99,3
Ab023,CSRYGGNGMYTNDYW,6559,IGHV3-23,IGKV1-39,1.367,199600,0.0002728,147.58,3
Ab024,CSRWGQAGFYEHDYW,6467,IGHV3-23,IGKV1-39,1.424,272900,0.0003887,167.03,3
Ab025,CSRYGSPGMYTNDYW,6216,IGHV3-23,IGKV3-20,1.438,54140,7.79E-05,164.15,3
Ab026,CSRWKEPGFYEHDYW,5990,IGHV3-23,IGKV3-20,1.47,309800,0.0004553,157.54,3
Ab027,CSRYGQPGMYTNDYW,5891,IGHV3-23,IGKV3-20,1.571,305600,0.0004801,152.34,3
Ab028,CSRWKDPGFYEHDYW,5756,IGHV3-23,IGKV3-20,1.735,289500,0.0005024,169.24,3
Ab029,CSRYGEPGMYQHDYW,5480,IGHV3-23,IGKV3-20,1.785,119700,0.0002136,154.83,3
Ab030,CSRWGACGFYENDYW,5415,IGHV3-23,IGKV3-20,1.833,237800,0.0004361,154.56,3
Ab031,CSRYGDAGMYALKYW,5316,IGHV3-23,IGKV3-20,1.857,309000,0.0005737,156.68,3
Ab032,CSRYRAVGFYTNDYW,5256,IGHV3-23,IGKV3-20,1.979,77770,0.0001539,157.55,3
Ab033,CSRWGGNGMYANDYW,5145,IGHV3-23,IGKV3-20,2.233,554200,0.001238,168.03,4
Ab034,CSRYGPPGMYTNDYW,4900,IGHV3-23,IGKV3-20,2.459,257000,0.0006321,151.12,4
Ab035,CSRYASAGMYTHDYW,4629,IGHV3-23,IGKV3-20,2.526,200800,0.0005073,149.02,4
Ab036,CSRWRDDGLYAHDYW,4495,IGHV3-23,IGKV3-20,2.881,289900,0.0008353,130.01,4
Ab037,CSRYGPTGMYQNDYW,4367,IGHV3-23,IGKV3-20,3.021,256700,0.0007756,1642.3,4
Ab038,CSRWNDRGFYEHDYW,4166,IGHV3-23,IGKV3-20,3.024,264000,0.0007984,141.37,4
Ab039,CSRYGDRGFYEHDYW,3923,IGHV3-23,IGKV3-20,3.11,194800,0.0006057,169.59,5
Ab040,CSRWNPHGLYVNDYW,3825,IGHV3-23,IGKV3-20,3.121,188200,0.0005873,144.79,5
Ab041,CSRYGPNGLYANDYW,3587,IGHV3-23,IGKV3-20,3.202,194900,0.0006241,151.27,5
Ab042,CSRWPGGGMYANDYW,3347,IGHV3-23,IGKV3-20,3.306,222100,0.0007344,145.69,5
Ab043,CSRYGGNGMYQNDYW,3183,IGHV3-23,IGKV3-20,3.308,198500,0.0006566,169.03,5
Ab044,CSRYGEYGMYVNKYW,3047,IGHV3-23,IGKV3-20,3.319,312400,0.001037,156.34,5
Ab045,CSRYGNPGMYQNDYW,2960,IGHV3-23,IGKV3-20,3.334,280800,0.0009362,164.34,6
Ab046,CSRWRDPGFYEHDYW,2725,IGHV3-23,IGKV3-20,3.371,243400,0.0008204,168.24,6
Ab047,CSRWSESGPYTHDYW,2656,IGHV3-23,IGKV3-20,3.449,338700,0.001168,161.88,6
Ab048,CSRWGPSGLYVNDYW,2487,IGHV3-23,IGKV3-20,3.512,190000,0.0006673,167.49,6
Ab049,CSRYGQPGMYANDYW,2355,IGHV3-23,IGKV3-20,3.6,125400,0.0004516,158.49,6
Ab050,CSRWKQDGFYEHDYW,2080,IGHV1-69,IGKV3-20,3.601,264500,0.0009524,169.08,6
Ab051,CSRYSGPGMYANDYW,1977,IGHV1-69,IGKV1-39,3.652,344100,0.001257,144.77,6
Ab052,CSRYGMRGLYAYEYW,1882,IGHV1-69,IGKV1-39,3.679,245000,0.0009015,168.71,6
Ab053,CSRYGGNGMYQNDYW,1764,IGHV1-69,IGKV1-39,3.705,97650,0.0003618,144.37,6
Ab054,CSRYGGPGMYTNDYW,1758,IGHV1-69,IGKV1-39,3.854,350100,0.00135,169.35,7
Ab055,CSRWNSDGLYAYEYW,1748,IGHV1-69,IGKV1-39,3.855,113600,0.0004381,145.96,7
Ab056,CSRYGGRGMYQLEYW,1743,IGHV1-69,IGKV1-39,3.938,581400,0.00229,164.34,7
Ab057,CSRYGSNGLYANQYW,1733,IGHV1-69,IGKV1-39,4.023,351200,0.001413,166.81,7
Ab058,CSRWDEDGFYEFDYW,1726,IGHV1-69,IGKV1-39,4.397,349300,0.001536,155.56,7
Ab059,CSRYGSNGMYQNDYW,1721,IGHV1-69,IGKV1-39,4.647,380200,0.001767,149.84,7
Ab060,CSRYGGTGMYEHDYW,1714,IGHV1-69,IGKV1-39,4.789,243100,0.001164,152.29,7
Ab061,CSRWQLGGMYTHDYW,68,IGHV1-69,IGKV1-39,4.844,371900,0.001802,140.52,7
Ab062,CSRWGSNGMYVNDYW,58,IGHV1-69,IGKV1-39,4.869,401000,0.001952,152.1,7
Ab063,CSRYGGNGMYANDYW,54,IGHV1-69,IGKV1-39,4.922,336000,0.001654,166.66,7
Ab064,CSRWEEYGLYVHDYW,52,IGHV1-69,IGKV1-39,4.941,317600,0.001569,154.06,7
Ab065,CSRWDDDGFYAFVYW,50,IGHV1-69,IGKV1-39,5.35,310700,0.001662,162.35,7
Ab066,CSRYGNGGMYANDYW,48,IGHV1-69,IGKV1-39,5.471,363300,0.001988,167.86,7
Ab067,CSRWERPGLYEHDYW,38,IGHV1-69,IGKV1-39,5.485,316600,0.001736,159.4,7
Ab068,CSRWPKVGLYTNDYW,37,IGHV1-69,IGKV1-39,5.858,282700,0.001656,164.71,7
Ab069,CSRWRPDGFYEHDYW,30,IGHV1-69,IGKV1-39,6.512,39930,0.0002601,141.07,7
Ab070,CSRWGGPGMYEHDYW,21,IGHV1-69,IGKV1-39,6.647,382100,0.00254,147.84,6
Ab071,CSRWPSPSFYTNDYW,17,IGHV1-69,IGKV1-39,6.855,423200,0.002901,166.96,6
Ab072,CSRYGGPGLYANDYW,10,IGHV1-69,IGKV1-39,7.137,278300,0.001986,169.99,6
Ab073,CSRYGGPGMYQNDYW,6,IGHV1-69,IGKV1-39,7.246,314000,0.002275,155.07,6
Ab074,CSRWERPGLYEHDYW,6,IGHV1-69,IGKV1-39,7.216,331300,0.002391,152.58,6
Ab075,CSRYGPNGMYQNDYW,4,IGHV1-69,IGKV3-20,7.305,416500,0.003042,141.51,6
Ab076,CSRWPQPGMYANDYW,1,IGHV1-69,IGKV3-20,7.553,164900,0.001245,165.36,6
Ab077,CSRWEDDSLYAFVYW,1,IGHV1-69,IGKV3-20,8.018,285800,0.002291,162.15,5
Ab078,CSRYGGPGMYEHDYW,1,IGHV1-69,IGKV3-20,8.697,295200,0.002567,141.46,5
Ab079,CSRWQGIGLYELDYW,1,IGHV1-69,IGKV3-20,9.122,293800,0.00268,163.17,5
Ab080,CSRWQEAAFYAHDYW,1,IGHV1-69,IGKV3-20,11.4,136600,0.001557,168.38,3
Ab081,CSRYGDPGMYQHDYW,1,IGHV1-69,IGKV3-20,11.81,60730,0.0007173,152.91,3
Ab082,CSRYGGPGLYTNDYW,1,IGHV1-69,IGKV3-20,13.32,134000,0.001785,167.34,3
Ab083,CSRWSDSGMYAHDYW,1,IGHV1-69,IGKV3-20,18.59,149400,0.002777,150.71,3
Ab084,CSRWREPGLYEHDYW,1,IGHV1-69,IGKV3-20,7.68,441600,0.003392,166.09,6
Ab085,CSRYGNPGMYEHDYW,1,IGHV1-69,IGKV3-20,8.66,273100,0.002365,169.86,5
Ab086,CSRWDRPGLYEHDYW,1,IGHV1-69,IGKV3-20,9.061,361000,0.003271,168.9,5
Ab087,CSRWDVDGFYVFDYW,1,IGHV1-69,IGKV3-20,10.31,328000,0.00338,160.61,5
Ab088,CSRYGQPGMYEHDYW,1,IGHV1-69,IGKV3-20,11.69,180700,0.002113,154.33,3
Ab089,CSRYGQPGLYEHDYW,1,IGHV1-69,IGKV3-20,12.68,331000,0.004198,152.1,3
Ab090,CSRWSDIDFYEFTYW,1,IGHV1-69,IGKV3-20,18.34,75260,0.00138,150.62,3